No,Nomor_Barcode,Tahun_Pelajaran,Keterangan
1,4748001,"1447-1448 H (2026-2027)","Buku Tabungan Santri/Murid MDT Hidayatus Shibyan"
2,4748002,"1447-1448 H (2026-2027)","Buku Tabungan Santri/Murid MDT Hidayatus Shibyan"
3,4748003,"1447-1448 H (2026-2027)","Buku Tabungan Santri/Murid MDT Hidayatus Shibyan"
4,4748004,"1447-1448 H (2026-2027)","Buku Tabungan Santri/Murid MDT Hidayatus Shibyan"
5,4748005,"1447-1448 H (2026-2027)","Buku Tabungan Santri/Murid MDT Hidayatus Shibyan"
6,4748006,"1447-1448 H (2026-2027)","Buku Tabungan Santri/Murid MDT Hidayatus Shibyan"
7,4748007,"1447-1448 H (2026-2027)","Buku Tabungan Santri/Murid MDT Hidayatus Shibyan"
8,4748008,"1447-1448 H (2026-2027)","Buku Tabungan Santri/Murid MDT Hidayatus Shibyan"
9,4748009,"1447-1448 H (2026-2027)","Buku Tabungan Santri/Murid MDT Hidayatus Shibyan"
10,4748010,"1447-1448 H (2026-2027)","Buku Tabungan Santri/Murid MDT Hidayatus Shibyan"
11,4748011,"1447-1448 H (2026-2027)","Buku Tabungan Santri/Murid MDT Hidayatus Shibyan"
12,4748012,"1447-1448 H (2026-2027)","Buku Tabungan Santri/Murid MDT Hidayatus Shibyan"
13,4748013,"1447-1448 H (2026-2027)","Buku Tabungan Santri/Murid MDT Hidayatus Shibyan"
14,4748014,"1447-1448 H (2026-2027)","Buku Tabungan Santri/Murid MDT Hidayatus Shibyan"
15,4748015,"1447-1448 H (2026-2027)","Buku Tabungan Santri/Murid MDT Hidayatus Shibyan"
16,4748016,"1447-1448 H (2026-2027)","Buku Tabungan Santri/Murid MDT Hidayatus Shibyan"
17,4748017,"1447-1448 H (2026-2027)","Buku Tabungan Santri/Murid MDT Hidayatus Shibyan"
18,4748018,"1447-1448 H (2026-2027)","Buku Tabungan Santri/Murid MDT Hidayatus Shibyan"
19,4748019,"1447-1448 H (2026-2027)","Buku Tabungan Santri/Murid MDT Hidayatus Shibyan"
20,4748020,"1447-1448 H (2026-2027)","Buku Tabungan Santri/Murid MDT Hidayatus Shibyan"
21,4748021,"1447-1448 H (2026-2027)","Buku Tabungan Santri/Murid MDT Hidayatus Shibyan"
22,4748022,"1447-1448 H (2026-2027)","Buku Tabungan Santri/Murid MDT Hidayatus Shibyan"
23,4748023,"1447-1448 H (2026-2027)","Buku Tabungan Santri/Murid MDT Hidayatus Shibyan"
24,4748024,"1447-1448 H (2026-2027)","Buku Tabungan Santri/Murid MDT Hidayatus Shibyan"
25,4748025,"1447-1448 H (2026-2027)","Buku Tabungan Santri/Murid MDT Hidayatus Shibyan"
26,4748026,"1447-1448 H (2026-2027)","Buku Tabungan Santri/Murid MDT Hidayatus Shibyan"
27,4748027,"1447-1448 H (2026-2027)","Buku Tabungan Santri/Murid MDT Hidayatus Shibyan"
28,4748028,"1447-1448 H (2026-2027)","Buku Tabungan Santri/Murid MDT Hidayatus Shibyan"
29,4748029,"1447-1448 H (2026-2027)","Buku Tabungan Santri/Murid MDT Hidayatus Shibyan"
30,4748030,"1447-1448 H (2026-2027)","Buku Tabungan Santri/Murid MDT Hidayatus Shibyan"
31,4748031,"1447-1448 H (2026-2027)","Buku Tabungan Santri/Murid MDT Hidayatus Shibyan"
32,4748032,"1447-1448 H (2026-2027)","Buku Tabungan Santri/Murid MDT Hidayatus Shibyan"
33,4748033,"1447-1448 H (2026-2027)","Buku Tabungan Santri/Murid MDT Hidayatus Shibyan"
34,4748034,"1447-1448 H (2026-2027)","Buku Tabungan Santri/Murid MDT Hidayatus Shibyan"
35,4748035,"1447-1448 H (2026-2027)","Buku Tabungan Santri/Murid MDT Hidayatus Shibyan"
36,4748036,"1447-1448 H (2026-2027)","Buku Tabungan Santri/Murid MDT Hidayatus Shibyan"
37,4748037,"1447-1448 H (2026-2027)","Buku Tabungan Santri/Murid MDT Hidayatus Shibyan"
38,4748038,"1447-1448 H (2026-2027)","Buku Tabungan Santri/Murid MDT Hidayatus Shibyan"
39,4748039,"1447-1448 H (2026-2027)","Buku Tabungan Santri/Murid MDT Hidayatus Shibyan"
40,4748040,"1447-1448 H (2026-2027)","Buku Tabungan Santri/Murid MDT Hidayatus Shibyan"
41,4748041,"1447-1448 H (2026-2027)","Buku Tabungan Santri/Murid MDT Hidayatus Shibyan"
42,4748042,"1447-1448 H (2026-2027)","Buku Tabungan Santri/Murid MDT Hidayatus Shibyan"
43,4748043,"1447-1448 H (2026-2027)","Buku Tabungan Santri/Murid MDT Hidayatus Shibyan"
44,4748044,"1447-1448 H (2026-2027)","Buku Tabungan Santri/Murid MDT Hidayatus Shibyan"
45,4748045,"1447-1448 H (2026-2027)","Buku Tabungan Santri/Murid MDT Hidayatus Shibyan"
46,4748046,"1447-1448 H (2026-2027)","Buku Tabungan Santri/Murid MDT Hidayatus Shibyan"
47,4748047,"1447-1448 H (2026-2027)","Buku Tabungan Santri/Murid MDT Hidayatus Shibyan"
48,4748048,"1447-1448 H (2026-2027)","Buku Tabungan Santri/Murid MDT Hidayatus Shibyan"
49,4748049,"1447-1448 H (2026-2027)","Buku Tabungan Santri/Murid MDT Hidayatus Shibyan"
50,4748050,"1447-1448 H (2026-2027)","Buku Tabungan Santri/Murid MDT Hidayatus Shibyan"
51,4748051,"1447-1448 H (2026-2027)","Buku Tabungan Santri/Murid MDT Hidayatus Shibyan"
52,4748052,"1447-1448 H (2026-2027)","Buku Tabungan Santri/Murid MDT Hidayatus Shibyan"
53,4748053,"1447-1448 H (2026-2027)","Buku Tabungan Santri/Murid MDT Hidayatus Shibyan"
54,4748054,"1447-1448 H (2026-2027)","Buku Tabungan Santri/Murid MDT Hidayatus Shibyan"
55,4748055,"1447-1448 H (2026-2027)","Buku Tabungan Santri/Murid MDT Hidayatus Shibyan"
56,4748056,"1447-1448 H (2026-2027)","Buku Tabungan Santri/Murid MDT Hidayatus Shibyan"
57,4748057,"1447-1448 H (2026-2027)","Buku Tabungan Santri/Murid MDT Hidayatus Shibyan"
58,4748058,"1447-1448 H (2026-2027)","Buku Tabungan Santri/Murid MDT Hidayatus Shibyan"
59,4748059,"1447-1448 H (2026-2027)","Buku Tabungan Santri/Murid MDT Hidayatus Shibyan"
60,4748060,"1447-1448 H (2026-2027)","Buku Tabungan Santri/Murid MDT Hidayatus Shibyan"
61,4748061,"1447-1448 H (2026-2027)","Buku Tabungan Santri/Murid MDT Hidayatus Shibyan"
62,4748062,"1447-1448 H (2026-2027)","Buku Tabungan Santri/Murid MDT Hidayatus Shibyan"
63,4748063,"1447-1448 H (2026-2027)","Buku Tabungan Santri/Murid MDT Hidayatus Shibyan"
64,4748064,"1447-1448 H (2026-2027)","Buku Tabungan Santri/Murid MDT Hidayatus Shibyan"
65,4748065,"1447-1448 H (2026-2027)","Buku Tabungan Santri/Murid MDT Hidayatus Shibyan"
66,4748066,"1447-1448 H (2026-2027)","Buku Tabungan Santri/Murid MDT Hidayatus Shibyan"
67,4748067,"1447-1448 H (2026-2027)","Buku Tabungan Santri/Murid MDT Hidayatus Shibyan"
68,4748068,"1447-1448 H (2026-2027)","Buku Tabungan Santri/Murid MDT Hidayatus Shibyan"
69,4748069,"1447-1448 H (2026-2027)","Buku Tabungan Santri/Murid MDT Hidayatus Shibyan"
70,4748070,"1447-1448 H (2026-2027)","Buku Tabungan Santri/Murid MDT Hidayatus Shibyan"
71,4748071,"1447-1448 H (2026-2027)","Buku Tabungan Santri/Murid MDT Hidayatus Shibyan"
72,4748072,"1447-1448 H (2026-2027)","Buku Tabungan Santri/Murid MDT Hidayatus Shibyan"
73,4748073,"1447-1448 H (2026-2027)","Buku Tabungan Santri/Murid MDT Hidayatus Shibyan"
74,4748074,"1447-1448 H (2026-2027)","Buku Tabungan Santri/Murid MDT Hidayatus Shibyan"
75,4748075,"1447-1448 H (2026-2027)","Buku Tabungan Santri/Murid MDT Hidayatus Shibyan"
76,4748076,"1447-1448 H (2026-2027)","Buku Tabungan Santri/Murid MDT Hidayatus Shibyan"
77,4748077,"1447-1448 H (2026-2027)","Buku Tabungan Santri/Murid MDT Hidayatus Shibyan"
78,4748078,"1447-1448 H (2026-2027)","Buku Tabungan Santri/Murid MDT Hidayatus Shibyan"
79,4748079,"1447-1448 H (2026-2027)","Buku Tabungan Santri/Murid MDT Hidayatus Shibyan"
80,4748080,"1447-1448 H (2026-2027)","Buku Tabungan Santri/Murid MDT Hidayatus Shibyan"
81,4748081,"1447-1448 H (2026-2027)","Buku Tabungan Santri/Murid MDT Hidayatus Shibyan"
82,4748082,"1447-1448 H (2026-2027)","Buku Tabungan Santri/Murid MDT Hidayatus Shibyan"
83,4748083,"1447-1448 H (2026-2027)","Buku Tabungan Santri/Murid MDT Hidayatus Shibyan"
84,4748084,"1447-1448 H (2026-2027)","Buku Tabungan Santri/Murid MDT Hidayatus Shibyan"
85,4748085,"1447-1448 H (2026-2027)","Buku Tabungan Santri/Murid MDT Hidayatus Shibyan"
86,4748086,"1447-1448 H (2026-2027)","Buku Tabungan Santri/Murid MDT Hidayatus Shibyan"
87,4748087,"1447-1448 H (2026-2027)","Buku Tabungan Santri/Murid MDT Hidayatus Shibyan"
88,4748088,"1447-1448 H (2026-2027)","Buku Tabungan Santri/Murid MDT Hidayatus Shibyan"
89,4748089,"1447-1448 H (2026-2027)","Buku Tabungan Santri/Murid MDT Hidayatus Shibyan"
90,4748090,"1447-1448 H (2026-2027)","Buku Tabungan Santri/Murid MDT Hidayatus Shibyan"
91,4748091,"1447-1448 H (2026-2027)","Buku Tabungan Santri/Murid MDT Hidayatus Shibyan"
92,4748092,"1447-1448 H (2026-2027)","Buku Tabungan Santri/Murid MDT Hidayatus Shibyan"
93,4748093,"1447-1448 H (2026-2027)","Buku Tabungan Santri/Murid MDT Hidayatus Shibyan"
94,4748094,"1447-1448 H (2026-2027)","Buku Tabungan Santri/Murid MDT Hidayatus Shibyan"
95,4748095,"1447-1448 H (2026-2027)","Buku Tabungan Santri/Murid MDT Hidayatus Shibyan"
96,4748096,"1447-1448 H (2026-2027)","Buku Tabungan Santri/Murid MDT Hidayatus Shibyan"
97,4748097,"1447-1448 H (2026-2027)","Buku Tabungan Santri/Murid MDT Hidayatus Shibyan"
98,4748098,"1447-1448 H (2026-2027)","Buku Tabungan Santri/Murid MDT Hidayatus Shibyan"
99,4748099,"1447-1448 H (2026-2027)","Buku Tabungan Santri/Murid MDT Hidayatus Shibyan"
100,4748100,"1447-1448 H (2026-2027)","Buku Tabungan Santri/Murid MDT Hidayatus Shibyan"
101,4748101,"1447-1448 H (2026-2027)","Buku Tabungan Santri/Murid MDT Hidayatus Shibyan"
102,4748102,"1447-1448 H (2026-2027)","Buku Tabungan Santri/Murid MDT Hidayatus Shibyan"
103,4748103,"1447-1448 H (2026-2027)","Buku Tabungan Santri/Murid MDT Hidayatus Shibyan"
104,4748104,"1447-1448 H (2026-2027)","Buku Tabungan Santri/Murid MDT Hidayatus Shibyan"
105,4748105,"1447-1448 H (2026-2027)","Buku Tabungan Santri/Murid MDT Hidayatus Shibyan"
106,4748106,"1447-1448 H (2026-2027)","Buku Tabungan Santri/Murid MDT Hidayatus Shibyan"
107,4748107,"1447-1448 H (2026-2027)","Buku Tabungan Santri/Murid MDT Hidayatus Shibyan"
108,4748108,"1447-1448 H (2026-2027)","Buku Tabungan Santri/Murid MDT Hidayatus Shibyan"
109,4748109,"1447-1448 H (2026-2027)","Buku Tabungan Santri/Murid MDT Hidayatus Shibyan"
110,4748110,"1447-1448 H (2026-2027)","Buku Tabungan Santri/Murid MDT Hidayatus Shibyan"
111,4748111,"1447-1448 H (2026-2027)","Buku Tabungan Santri/Murid MDT Hidayatus Shibyan"
112,4748112,"1447-1448 H (2026-2027)","Buku Tabungan Santri/Murid MDT Hidayatus Shibyan"
113,4748113,"1447-1448 H (2026-2027)","Buku Tabungan Santri/Murid MDT Hidayatus Shibyan"
114,4748114,"1447-1448 H (2026-2027)","Buku Tabungan Santri/Murid MDT Hidayatus Shibyan"
115,4748115,"1447-1448 H (2026-2027)","Buku Tabungan Santri/Murid MDT Hidayatus Shibyan"
116,4748116,"1447-1448 H (2026-2027)","Buku Tabungan Santri/Murid MDT Hidayatus Shibyan"
117,4748117,"1447-1448 H (2026-2027)","Buku Tabungan Santri/Murid MDT Hidayatus Shibyan"
118,4748118,"1447-1448 H (2026-2027)","Buku Tabungan Santri/Murid MDT Hidayatus Shibyan"
119,4748119,"1447-1448 H (2026-2027)","Buku Tabungan Santri/Murid MDT Hidayatus Shibyan"
120,4748120,"1447-1448 H (2026-2027)","Buku Tabungan Santri/Murid MDT Hidayatus Shibyan"
121,4748121,"1447-1448 H (2026-2027)","Buku Tabungan Santri/Murid MDT Hidayatus Shibyan"
122,4748122,"1447-1448 H (2026-2027)","Buku Tabungan Santri/Murid MDT Hidayatus Shibyan"
123,4748123,"1447-1448 H (2026-2027)","Buku Tabungan Santri/Murid MDT Hidayatus Shibyan"
124,4748124,"1447-1448 H (2026-2027)","Buku Tabungan Santri/Murid MDT Hidayatus Shibyan"
125,4748125,"1447-1448 H (2026-2027)","Buku Tabungan Santri/Murid MDT Hidayatus Shibyan"
126,4748126,"1447-1448 H (2026-2027)","Buku Tabungan Santri/Murid MDT Hidayatus Shibyan"
127,4748127,"1447-1448 H (2026-2027)","Buku Tabungan Santri/Murid MDT Hidayatus Shibyan"
128,4748128,"1447-1448 H (2026-2027)","Buku Tabungan Santri/Murid MDT Hidayatus Shibyan"
129,4748129,"1447-1448 H (2026-2027)","Buku Tabungan Santri/Murid MDT Hidayatus Shibyan"
130,4748130,"1447-1448 H (2026-2027)","Buku Tabungan Santri/Murid MDT Hidayatus Shibyan"
131,4748131,"1447-1448 H (2026-2027)","Buku Tabungan Santri/Murid MDT Hidayatus Shibyan"
132,4748132,"1447-1448 H (2026-2027)","Buku Tabungan Santri/Murid MDT Hidayatus Shibyan"
133,4748133,"1447-1448 H (2026-2027)","Buku Tabungan Santri/Murid MDT Hidayatus Shibyan"
134,4748134,"1447-1448 H (2026-2027)","Buku Tabungan Santri/Murid MDT Hidayatus Shibyan"
135,4748135,"1447-1448 H (2026-2027)","Buku Tabungan Santri/Murid MDT Hidayatus Shibyan"
136,4748136,"1447-1448 H (2026-2027)","Buku Tabungan Santri/Murid MDT Hidayatus Shibyan"
137,4748137,"1447-1448 H (2026-2027)","Buku Tabungan Santri/Murid MDT Hidayatus Shibyan"
138,4748138,"1447-1448 H (2026-2027)","Buku Tabungan Santri/Murid MDT Hidayatus Shibyan"
139,4748139,"1447-1448 H (2026-2027)","Buku Tabungan Santri/Murid MDT Hidayatus Shibyan"
140,4748140,"1447-1448 H (2026-2027)","Buku Tabungan Santri/Murid MDT Hidayatus Shibyan"
141,4748141,"1447-1448 H (2026-2027)","Buku Tabungan Santri/Murid MDT Hidayatus Shibyan"
142,4748142,"1447-1448 H (2026-2027)","Buku Tabungan Santri/Murid MDT Hidayatus Shibyan"
143,4748143,"1447-1448 H (2026-2027)","Buku Tabungan Santri/Murid MDT Hidayatus Shibyan"
144,4748144,"1447-1448 H (2026-2027)","Buku Tabungan Santri/Murid MDT Hidayatus Shibyan"
145,4748145,"1447-1448 H (2026-2027)","Buku Tabungan Santri/Murid MDT Hidayatus Shibyan"
146,4748146,"1447-1448 H (2026-2027)","Buku Tabungan Santri/Murid MDT Hidayatus Shibyan"
147,4748147,"1447-1448 H (2026-2027)","Buku Tabungan Santri/Murid MDT Hidayatus Shibyan"
148,4748148,"1447-1448 H (2026-2027)","Buku Tabungan Santri/Murid MDT Hidayatus Shibyan"
149,4748149,"1447-1448 H (2026-2027)","Buku Tabungan Santri/Murid MDT Hidayatus Shibyan"
150,4748150,"1447-1448 H (2026-2027)","Buku Tabungan Santri/Murid MDT Hidayatus Shibyan"
151,4748151,"1447-1448 H (2026-2027)","Buku Tabungan Santri/Murid MDT Hidayatus Shibyan"
152,4748152,"1447-1448 H (2026-2027)","Buku Tabungan Santri/Murid MDT Hidayatus Shibyan"
153,4748153,"1447-1448 H (2026-2027)","Buku Tabungan Santri/Murid MDT Hidayatus Shibyan"
154,4748154,"1447-1448 H (2026-2027)","Buku Tabungan Santri/Murid MDT Hidayatus Shibyan"
155,4748155,"1447-1448 H (2026-2027)","Buku Tabungan Santri/Murid MDT Hidayatus Shibyan"
156,4748156,"1447-1448 H (2026-2027)","Buku Tabungan Santri/Murid MDT Hidayatus Shibyan"
157,4748157,"1447-1448 H (2026-2027)","Buku Tabungan Santri/Murid MDT Hidayatus Shibyan"
158,4748158,"1447-1448 H (2026-2027)","Buku Tabungan Santri/Murid MDT Hidayatus Shibyan"
159,4748159,"1447-1448 H (2026-2027)","Buku Tabungan Santri/Murid MDT Hidayatus Shibyan"
160,4748160,"1447-1448 H (2026-2027)","Buku Tabungan Santri/Murid MDT Hidayatus Shibyan"
161,4748161,"1447-1448 H (2026-2027)","Buku Tabungan Santri/Murid MDT Hidayatus Shibyan"
162,4748162,"1447-1448 H (2026-2027)","Buku Tabungan Santri/Murid MDT Hidayatus Shibyan"
163,4748163,"1447-1448 H (2026-2027)","Buku Tabungan Santri/Murid MDT Hidayatus Shibyan"
164,4748164,"1447-1448 H (2026-2027)","Buku Tabungan Santri/Murid MDT Hidayatus Shibyan"
165,4748165,"1447-1448 H (2026-2027)","Buku Tabungan Santri/Murid MDT Hidayatus Shibyan"
166,4748166,"1447-1448 H (2026-2027)","Buku Tabungan Santri/Murid MDT Hidayatus Shibyan"
167,4748167,"1447-1448 H (2026-2027)","Buku Tabungan Santri/Murid MDT Hidayatus Shibyan"
168,4748168,"1447-1448 H (2026-2027)","Buku Tabungan Santri/Murid MDT Hidayatus Shibyan"
169,4748169,"1447-1448 H (2026-2027)","Buku Tabungan Santri/Murid MDT Hidayatus Shibyan"
170,4748170,"1447-1448 H (2026-2027)","Buku Tabungan Santri/Murid MDT Hidayatus Shibyan"
171,4748171,"1447-1448 H (2026-2027)","Buku Tabungan Santri/Murid MDT Hidayatus Shibyan"
172,4748172,"1447-1448 H (2026-2027)","Buku Tabungan Santri/Murid MDT Hidayatus Shibyan"
173,4748173,"1447-1448 H (2026-2027)","Buku Tabungan Santri/Murid MDT Hidayatus Shibyan"
174,4748174,"1447-1448 H (2026-2027)","Buku Tabungan Santri/Murid MDT Hidayatus Shibyan"
175,4748175,"1447-1448 H (2026-2027)","Buku Tabungan Santri/Murid MDT Hidayatus Shibyan"
176,4748176,"1447-1448 H (2026-2027)","Buku Tabungan Santri/Murid MDT Hidayatus Shibyan"
177,4748177,"1447-1448 H (2026-2027)","Buku Tabungan Santri/Murid MDT Hidayatus Shibyan"
178,4748178,"1447-1448 H (2026-2027)","Buku Tabungan Santri/Murid MDT Hidayatus Shibyan"
179,4748179,"1447-1448 H (2026-2027)","Buku Tabungan Santri/Murid MDT Hidayatus Shibyan"
180,4748180,"1447-1448 H (2026-2027)","Buku Tabungan Santri/Murid MDT Hidayatus Shibyan"
181,4748181,"1447-1448 H (2026-2027)","Buku Tabungan Santri/Murid MDT Hidayatus Shibyan"
182,4748182,"1447-1448 H (2026-2027)","Buku Tabungan Santri/Murid MDT Hidayatus Shibyan"
183,4748183,"1447-1448 H (2026-2027)","Buku Tabungan Santri/Murid MDT Hidayatus Shibyan"
184,4748184,"1447-1448 H (2026-2027)","Buku Tabungan Santri/Murid MDT Hidayatus Shibyan"
185,4748185,"1447-1448 H (2026-2027)","Buku Tabungan Santri/Murid MDT Hidayatus Shibyan"
186,4748186,"1447-1448 H (2026-2027)","Buku Tabungan Santri/Murid MDT Hidayatus Shibyan"
187,4748187,"1447-1448 H (2026-2027)","Buku Tabungan Santri/Murid MDT Hidayatus Shibyan"
188,4748188,"1447-1448 H (2026-2027)","Buku Tabungan Santri/Murid MDT Hidayatus Shibyan"
189,4748189,"1447-1448 H (2026-2027)","Buku Tabungan Santri/Murid MDT Hidayatus Shibyan"
190,4748190,"1447-1448 H (2026-2027)","Buku Tabungan Santri/Murid MDT Hidayatus Shibyan"
191,4748191,"1447-1448 H (2026-2027)","Buku Tabungan Santri/Murid MDT Hidayatus Shibyan"
192,4748192,"1447-1448 H (2026-2027)","Buku Tabungan Santri/Murid MDT Hidayatus Shibyan"
193,4748193,"1447-1448 H (2026-2027)","Buku Tabungan Santri/Murid MDT Hidayatus Shibyan"
194,4748194,"1447-1448 H (2026-2027)","Buku Tabungan Santri/Murid MDT Hidayatus Shibyan"
195,4748195,"1447-1448 H (2026-2027)","Buku Tabungan Santri/Murid MDT Hidayatus Shibyan"
196,4748196,"1447-1448 H (2026-2027)","Buku Tabungan Santri/Murid MDT Hidayatus Shibyan"
197,4748197,"1447-1448 H (2026-2027)","Buku Tabungan Santri/Murid MDT Hidayatus Shibyan"
198,4748198,"1447-1448 H (2026-2027)","Buku Tabungan Santri/Murid MDT Hidayatus Shibyan"
199,4748199,"1447-1448 H (2026-2027)","Buku Tabungan Santri/Murid MDT Hidayatus Shibyan"
200,4748200,"1447-1448 H (2026-2027)","Buku Tabungan Santri/Murid MDT Hidayatus Shibyan"
201,4748201,"1447-1448 H (2026-2027)","Buku Tabungan Santri/Murid MDT Hidayatus Shibyan"
202,4748202,"1447-1448 H (2026-2027)","Buku Tabungan Santri/Murid MDT Hidayatus Shibyan"
203,4748203,"1447-1448 H (2026-2027)","Buku Tabungan Santri/Murid MDT Hidayatus Shibyan"
204,4748204,"1447-1448 H (2026-2027)","Buku Tabungan Santri/Murid MDT Hidayatus Shibyan"
205,4748205,"1447-1448 H (2026-2027)","Buku Tabungan Santri/Murid MDT Hidayatus Shibyan"
206,4748206,"1447-1448 H (2026-2027)","Buku Tabungan Santri/Murid MDT Hidayatus Shibyan"
207,4748207,"1447-1448 H (2026-2027)","Buku Tabungan Santri/Murid MDT Hidayatus Shibyan"
208,4748208,"1447-1448 H (2026-2027)","Buku Tabungan Santri/Murid MDT Hidayatus Shibyan"
209,4748209,"1447-1448 H (2026-2027)","Buku Tabungan Santri/Murid MDT Hidayatus Shibyan"
210,4748210,"1447-1448 H (2026-2027)","Buku Tabungan Santri/Murid MDT Hidayatus Shibyan"
211,4748211,"1447-1448 H (2026-2027)","Buku Tabungan Santri/Murid MDT Hidayatus Shibyan"
212,4748212,"1447-1448 H (2026-2027)","Buku Tabungan Santri/Murid MDT Hidayatus Shibyan"
213,4748213,"1447-1448 H (2026-2027)","Buku Tabungan Santri/Murid MDT Hidayatus Shibyan"
214,4748214,"1447-1448 H (2026-2027)","Buku Tabungan Santri/Murid MDT Hidayatus Shibyan"
215,4748215,"1447-1448 H (2026-2027)","Buku Tabungan Santri/Murid MDT Hidayatus Shibyan"
216,4748216,"1447-1448 H (2026-2027)","Buku Tabungan Santri/Murid MDT Hidayatus Shibyan"
217,4748217,"1447-1448 H (2026-2027)","Buku Tabungan Santri/Murid MDT Hidayatus Shibyan"
218,4748218,"1447-1448 H (2026-2027)","Buku Tabungan Santri/Murid MDT Hidayatus Shibyan"
219,4748219,"1447-1448 H (2026-2027)","Buku Tabungan Santri/Murid MDT Hidayatus Shibyan"
220,4748220,"1447-1448 H (2026-2027)","Buku Tabungan Santri/Murid MDT Hidayatus Shibyan"
221,4748221,"1447-1448 H (2026-2027)","Buku Tabungan Santri/Murid MDT Hidayatus Shibyan"
222,4748222,"1447-1448 H (2026-2027)","Buku Tabungan Santri/Murid MDT Hidayatus Shibyan"
223,4748223,"1447-1448 H (2026-2027)","Buku Tabungan Santri/Murid MDT Hidayatus Shibyan"
224,4748224,"1447-1448 H (2026-2027)","Buku Tabungan Santri/Murid MDT Hidayatus Shibyan"
225,4748225,"1447-1448 H (2026-2027)","Buku Tabungan Santri/Murid MDT Hidayatus Shibyan"
226,4748226,"1447-1448 H (2026-2027)","Buku Tabungan Santri/Murid MDT Hidayatus Shibyan"
227,4748227,"1447-1448 H (2026-2027)","Buku Tabungan Santri/Murid MDT Hidayatus Shibyan"
228,4748228,"1447-1448 H (2026-2027)","Buku Tabungan Santri/Murid MDT Hidayatus Shibyan"
229,4748229,"1447-1448 H (2026-2027)","Buku Tabungan Santri/Murid MDT Hidayatus Shibyan"
230,4748230,"1447-1448 H (2026-2027)","Buku Tabungan Santri/Murid MDT Hidayatus Shibyan"
231,4748231,"1447-1448 H (2026-2027)","Buku Tabungan Santri/Murid MDT Hidayatus Shibyan"
232,4748232,"1447-1448 H (2026-2027)","Buku Tabungan Santri/Murid MDT Hidayatus Shibyan"
233,4748233,"1447-1448 H (2026-2027)","Buku Tabungan Santri/Murid MDT Hidayatus Shibyan"
234,4748234,"1447-1448 H (2026-2027)","Buku Tabungan Santri/Murid MDT Hidayatus Shibyan"
235,4748235,"1447-1448 H (2026-2027)","Buku Tabungan Santri/Murid MDT Hidayatus Shibyan"
236,4748236,"1447-1448 H (2026-2027)","Buku Tabungan Santri/Murid MDT Hidayatus Shibyan"
237,4748237,"1447-1448 H (2026-2027)","Buku Tabungan Santri/Murid MDT Hidayatus Shibyan"
238,4748238,"1447-1448 H (2026-2027)","Buku Tabungan Santri/Murid MDT Hidayatus Shibyan"
239,4748239,"1447-1448 H (2026-2027)","Buku Tabungan Santri/Murid MDT Hidayatus Shibyan"
240,4748240,"1447-1448 H (2026-2027)","Buku Tabungan Santri/Murid MDT Hidayatus Shibyan"
241,4748241,"1447-1448 H (2026-2027)","Buku Tabungan Santri/Murid MDT Hidayatus Shibyan"
242,4748242,"1447-1448 H (2026-2027)","Buku Tabungan Santri/Murid MDT Hidayatus Shibyan"
243,4748243,"1447-1448 H (2026-2027)","Buku Tabungan Santri/Murid MDT Hidayatus Shibyan"
244,4748244,"1447-1448 H (2026-2027)","Buku Tabungan Santri/Murid MDT Hidayatus Shibyan"
245,4748245,"1447-1448 H (2026-2027)","Buku Tabungan Santri/Murid MDT Hidayatus Shibyan"
246,4748246,"1447-1448 H (2026-2027)","Buku Tabungan Santri/Murid MDT Hidayatus Shibyan"
247,4748247,"1447-1448 H (2026-2027)","Buku Tabungan Santri/Murid MDT Hidayatus Shibyan"
248,4748248,"1447-1448 H (2026-2027)","Buku Tabungan Santri/Murid MDT Hidayatus Shibyan"
249,4748249,"1447-1448 H (2026-2027)","Buku Tabungan Santri/Murid MDT Hidayatus Shibyan"
250,4748250,"1447-1448 H (2026-2027)","Buku Tabungan Santri/Murid MDT Hidayatus Shibyan"
251,4748251,"1447-1448 H (2026-2027)","Buku Tabungan Santri/Murid MDT Hidayatus Shibyan"
252,4748252,"1447-1448 H (2026-2027)","Buku Tabungan Santri/Murid MDT Hidayatus Shibyan"
253,4748253,"1447-1448 H (2026-2027)","Buku Tabungan Santri/Murid MDT Hidayatus Shibyan"
254,4748254,"1447-1448 H (2026-2027)","Buku Tabungan Santri/Murid MDT Hidayatus Shibyan"
255,4748255,"1447-1448 H (2026-2027)","Buku Tabungan Santri/Murid MDT Hidayatus Shibyan"
256,4748256,"1447-1448 H (2026-2027)","Buku Tabungan Santri/Murid MDT Hidayatus Shibyan"
257,4748257,"1447-1448 H (2026-2027)","Buku Tabungan Santri/Murid MDT Hidayatus Shibyan"
258,4748258,"1447-1448 H (2026-2027)","Buku Tabungan Santri/Murid MDT Hidayatus Shibyan"
259,4748259,"1447-1448 H (2026-2027)","Buku Tabungan Santri/Murid MDT Hidayatus Shibyan"
260,4748260,"1447-1448 H (2026-2027)","Buku Tabungan Santri/Murid MDT Hidayatus Shibyan"
261,4748261,"1447-1448 H (2026-2027)","Buku Tabungan Santri/Murid MDT Hidayatus Shibyan"
262,4748262,"1447-1448 H (2026-2027)","Buku Tabungan Santri/Murid MDT Hidayatus Shibyan"
263,4748263,"1447-1448 H (2026-2027)","Buku Tabungan Santri/Murid MDT Hidayatus Shibyan"
264,4748264,"1447-1448 H (2026-2027)","Buku Tabungan Santri/Murid MDT Hidayatus Shibyan"
265,4748265,"1447-1448 H (2026-2027)","Buku Tabungan Santri/Murid MDT Hidayatus Shibyan"
266,4748266,"1447-1448 H (2026-2027)","Buku Tabungan Santri/Murid MDT Hidayatus Shibyan"
267,4748267,"1447-1448 H (2026-2027)","Buku Tabungan Santri/Murid MDT Hidayatus Shibyan"
268,4748268,"1447-1448 H (2026-2027)","Buku Tabungan Santri/Murid MDT Hidayatus Shibyan"
269,4748269,"1447-1448 H (2026-2027)","Buku Tabungan Santri/Murid MDT Hidayatus Shibyan"
270,4748270,"1447-1448 H (2026-2027)","Buku Tabungan Santri/Murid MDT Hidayatus Shibyan"
271,4748271,"1447-1448 H (2026-2027)","Buku Tabungan Santri/Murid MDT Hidayatus Shibyan"
272,4748272,"1447-1448 H (2026-2027)","Buku Tabungan Santri/Murid MDT Hidayatus Shibyan"
273,4748273,"1447-1448 H (2026-2027)","Buku Tabungan Santri/Murid MDT Hidayatus Shibyan"
274,4748274,"1447-1448 H (2026-2027)","Buku Tabungan Santri/Murid MDT Hidayatus Shibyan"
275,4748275,"1447-1448 H (2026-2027)","Buku Tabungan Santri/Murid MDT Hidayatus Shibyan"
276,4748276,"1447-1448 H (2026-2027)","Buku Tabungan Santri/Murid MDT Hidayatus Shibyan"
277,4748277,"1447-1448 H (2026-2027)","Buku Tabungan Santri/Murid MDT Hidayatus Shibyan"
278,4748278,"1447-1448 H (2026-2027)","Buku Tabungan Santri/Murid MDT Hidayatus Shibyan"
279,4748279,"1447-1448 H (2026-2027)","Buku Tabungan Santri/Murid MDT Hidayatus Shibyan"
280,4748280,"1447-1448 H (2026-2027)","Buku Tabungan Santri/Murid MDT Hidayatus Shibyan"
281,4748281,"1447-1448 H (2026-2027)","Buku Tabungan Santri/Murid MDT Hidayatus Shibyan"
282,4748282,"1447-1448 H (2026-2027)","Buku Tabungan Santri/Murid MDT Hidayatus Shibyan"
283,4748283,"1447-1448 H (2026-2027)","Buku Tabungan Santri/Murid MDT Hidayatus Shibyan"
284,4748284,"1447-1448 H (2026-2027)","Buku Tabungan Santri/Murid MDT Hidayatus Shibyan"
285,4748285,"1447-1448 H (2026-2027)","Buku Tabungan Santri/Murid MDT Hidayatus Shibyan"
286,4748286,"1447-1448 H (2026-2027)","Buku Tabungan Santri/Murid MDT Hidayatus Shibyan"
287,4748287,"1447-1448 H (2026-2027)","Buku Tabungan Santri/Murid MDT Hidayatus Shibyan"
288,4748288,"1447-1448 H (2026-2027)","Buku Tabungan Santri/Murid MDT Hidayatus Shibyan"
289,4748289,"1447-1448 H (2026-2027)","Buku Tabungan Santri/Murid MDT Hidayatus Shibyan"
290,4748290,"1447-1448 H (2026-2027)","Buku Tabungan Santri/Murid MDT Hidayatus Shibyan"
291,4748291,"1447-1448 H (2026-2027)","Buku Tabungan Santri/Murid MDT Hidayatus Shibyan"
292,4748292,"1447-1448 H (2026-2027)","Buku Tabungan Santri/Murid MDT Hidayatus Shibyan"
293,4748293,"1447-1448 H (2026-2027)","Buku Tabungan Santri/Murid MDT Hidayatus Shibyan"
294,4748294,"1447-1448 H (2026-2027)","Buku Tabungan Santri/Murid MDT Hidayatus Shibyan"
295,4748295,"1447-1448 H (2026-2027)","Buku Tabungan Santri/Murid MDT Hidayatus Shibyan"
296,4748296,"1447-1448 H (2026-2027)","Buku Tabungan Santri/Murid MDT Hidayatus Shibyan"
297,4748297,"1447-1448 H (2026-2027)","Buku Tabungan Santri/Murid MDT Hidayatus Shibyan"
298,4748298,"1447-1448 H (2026-2027)","Buku Tabungan Santri/Murid MDT Hidayatus Shibyan"
299,4748299,"1447-1448 H (2026-2027)","Buku Tabungan Santri/Murid MDT Hidayatus Shibyan"
300,4748300,"1447-1448 H (2026-2027)","Buku Tabungan Santri/Murid MDT Hidayatus Shibyan"
301,4748301,"1447-1448 H (2026-2027)","Buku Tabungan Santri/Murid MDT Hidayatus Shibyan"
302,4748302,"1447-1448 H (2026-2027)","Buku Tabungan Santri/Murid MDT Hidayatus Shibyan"
303,4748303,"1447-1448 H (2026-2027)","Buku Tabungan Santri/Murid MDT Hidayatus Shibyan"
304,4748304,"1447-1448 H (2026-2027)","Buku Tabungan Santri/Murid MDT Hidayatus Shibyan"
305,4748305,"1447-1448 H (2026-2027)","Buku Tabungan Santri/Murid MDT Hidayatus Shibyan"
306,4748306,"1447-1448 H (2026-2027)","Buku Tabungan Santri/Murid MDT Hidayatus Shibyan"
307,4748307,"1447-1448 H (2026-2027)","Buku Tabungan Santri/Murid MDT Hidayatus Shibyan"
308,4748308,"1447-1448 H (2026-2027)","Buku Tabungan Santri/Murid MDT Hidayatus Shibyan"
309,4748309,"1447-1448 H (2026-2027)","Buku Tabungan Santri/Murid MDT Hidayatus Shibyan"
310,4748310,"1447-1448 H (2026-2027)","Buku Tabungan Santri/Murid MDT Hidayatus Shibyan"
311,4748311,"1447-1448 H (2026-2027)","Buku Tabungan Santri/Murid MDT Hidayatus Shibyan"
312,4748312,"1447-1448 H (2026-2027)","Buku Tabungan Santri/Murid MDT Hidayatus Shibyan"
313,4748313,"1447-1448 H (2026-2027)","Buku Tabungan Santri/Murid MDT Hidayatus Shibyan"
314,4748314,"1447-1448 H (2026-2027)","Buku Tabungan Santri/Murid MDT Hidayatus Shibyan"
315,4748315,"1447-1448 H (2026-2027)","Buku Tabungan Santri/Murid MDT Hidayatus Shibyan"
316,4748316,"1447-1448 H (2026-2027)","Buku Tabungan Santri/Murid MDT Hidayatus Shibyan"
317,4748317,"1447-1448 H (2026-2027)","Buku Tabungan Santri/Murid MDT Hidayatus Shibyan"
318,4748318,"1447-1448 H (2026-2027)","Buku Tabungan Santri/Murid MDT Hidayatus Shibyan"
319,4748319,"1447-1448 H (2026-2027)","Buku Tabungan Santri/Murid MDT Hidayatus Shibyan"
320,4748320,"1447-1448 H (2026-2027)","Buku Tabungan Santri/Murid MDT Hidayatus Shibyan"
321,4748321,"1447-1448 H (2026-2027)","Buku Tabungan Santri/Murid MDT Hidayatus Shibyan"
322,4748322,"1447-1448 H (2026-2027)","Buku Tabungan Santri/Murid MDT Hidayatus Shibyan"
323,4748323,"1447-1448 H (2026-2027)","Buku Tabungan Santri/Murid MDT Hidayatus Shibyan"
324,4748324,"1447-1448 H (2026-2027)","Buku Tabungan Santri/Murid MDT Hidayatus Shibyan"
325,4748325,"1447-1448 H (2026-2027)","Buku Tabungan Santri/Murid MDT Hidayatus Shibyan"
326,4748326,"1447-1448 H (2026-2027)","Buku Tabungan Santri/Murid MDT Hidayatus Shibyan"
327,4748327,"1447-1448 H (2026-2027)","Buku Tabungan Santri/Murid MDT Hidayatus Shibyan"
328,4748328,"1447-1448 H (2026-2027)","Buku Tabungan Santri/Murid MDT Hidayatus Shibyan"
329,4748329,"1447-1448 H (2026-2027)","Buku Tabungan Santri/Murid MDT Hidayatus Shibyan"
330,4748330,"1447-1448 H (2026-2027)","Buku Tabungan Santri/Murid MDT Hidayatus Shibyan"
331,4748331,"1447-1448 H (2026-2027)","Buku Tabungan Santri/Murid MDT Hidayatus Shibyan"
332,4748332,"1447-1448 H (2026-2027)","Buku Tabungan Santri/Murid MDT Hidayatus Shibyan"
333,4748333,"1447-1448 H (2026-2027)","Buku Tabungan Santri/Murid MDT Hidayatus Shibyan"
334,4748334,"1447-1448 H (2026-2027)","Buku Tabungan Santri/Murid MDT Hidayatus Shibyan"
335,4748335,"1447-1448 H (2026-2027)","Buku Tabungan Santri/Murid MDT Hidayatus Shibyan"
336,4748336,"1447-1448 H (2026-2027)","Buku Tabungan Santri/Murid MDT Hidayatus Shibyan"
337,4748337,"1447-1448 H (2026-2027)","Buku Tabungan Santri/Murid MDT Hidayatus Shibyan"
338,4748338,"1447-1448 H (2026-2027)","Buku Tabungan Santri/Murid MDT Hidayatus Shibyan"
339,4748339,"1447-1448 H (2026-2027)","Buku Tabungan Santri/Murid MDT Hidayatus Shibyan"
340,4748340,"1447-1448 H (2026-2027)","Buku Tabungan Santri/Murid MDT Hidayatus Shibyan"
341,4748341,"1447-1448 H (2026-2027)","Buku Tabungan Santri/Murid MDT Hidayatus Shibyan"
342,4748342,"1447-1448 H (2026-2027)","Buku Tabungan Santri/Murid MDT Hidayatus Shibyan"
343,4748343,"1447-1448 H (2026-2027)","Buku Tabungan Santri/Murid MDT Hidayatus Shibyan"
344,4748344,"1447-1448 H (2026-2027)","Buku Tabungan Santri/Murid MDT Hidayatus Shibyan"
345,4748345,"1447-1448 H (2026-2027)","Buku Tabungan Santri/Murid MDT Hidayatus Shibyan"
346,4748346,"1447-1448 H (2026-2027)","Buku Tabungan Santri/Murid MDT Hidayatus Shibyan"
347,4748347,"1447-1448 H (2026-2027)","Buku Tabungan Santri/Murid MDT Hidayatus Shibyan"
348,4748348,"1447-1448 H (2026-2027)","Buku Tabungan Santri/Murid MDT Hidayatus Shibyan"
349,4748349,"1447-1448 H (2026-2027)","Buku Tabungan Santri/Murid MDT Hidayatus Shibyan"
350,4748350,"1447-1448 H (2026-2027)","Buku Tabungan Santri/Murid MDT Hidayatus Shibyan"
351,4748351,"1447-1448 H (2026-2027)","Buku Tabungan Santri/Murid MDT Hidayatus Shibyan"
352,4748352,"1447-1448 H (2026-2027)","Buku Tabungan Santri/Murid MDT Hidayatus Shibyan"
353,4748353,"1447-1448 H (2026-2027)","Buku Tabungan Santri/Murid MDT Hidayatus Shibyan"
354,4748354,"1447-1448 H (2026-2027)","Buku Tabungan Santri/Murid MDT Hidayatus Shibyan"
355,4748355,"1447-1448 H (2026-2027)","Buku Tabungan Santri/Murid MDT Hidayatus Shibyan"
356,4748356,"1447-1448 H (2026-2027)","Buku Tabungan Santri/Murid MDT Hidayatus Shibyan"
357,4748357,"1447-1448 H (2026-2027)","Buku Tabungan Santri/Murid MDT Hidayatus Shibyan"
358,4748358,"1447-1448 H (2026-2027)","Buku Tabungan Santri/Murid MDT Hidayatus Shibyan"
359,4748359,"1447-1448 H (2026-2027)","Buku Tabungan Santri/Murid MDT Hidayatus Shibyan"
360,4748360,"1447-1448 H (2026-2027)","Buku Tabungan Santri/Murid MDT Hidayatus Shibyan"
361,4748361,"1447-1448 H (2026-2027)","Buku Tabungan Santri/Murid MDT Hidayatus Shibyan"
362,4748362,"1447-1448 H (2026-2027)","Buku Tabungan Santri/Murid MDT Hidayatus Shibyan"
363,4748363,"1447-1448 H (2026-2027)","Buku Tabungan Santri/Murid MDT Hidayatus Shibyan"
364,4748364,"1447-1448 H (2026-2027)","Buku Tabungan Santri/Murid MDT Hidayatus Shibyan"
365,4748365,"1447-1448 H (2026-2027)","Buku Tabungan Santri/Murid MDT Hidayatus Shibyan"
366,4748366,"1447-1448 H (2026-2027)","Buku Tabungan Santri/Murid MDT Hidayatus Shibyan"
367,4748367,"1447-1448 H (2026-2027)","Buku Tabungan Santri/Murid MDT Hidayatus Shibyan"
368,4748368,"1447-1448 H (2026-2027)","Buku Tabungan Santri/Murid MDT Hidayatus Shibyan"
369,4748369,"1447-1448 H (2026-2027)","Buku Tabungan Santri/Murid MDT Hidayatus Shibyan"
370,4748370,"1447-1448 H (2026-2027)","Buku Tabungan Santri/Murid MDT Hidayatus Shibyan"
371,4748371,"1447-1448 H (2026-2027)","Buku Tabungan Santri/Murid MDT Hidayatus Shibyan"
372,4748372,"1447-1448 H (2026-2027)","Buku Tabungan Santri/Murid MDT Hidayatus Shibyan"
373,4748373,"1447-1448 H (2026-2027)","Buku Tabungan Santri/Murid MDT Hidayatus Shibyan"
374,4748374,"1447-1448 H (2026-2027)","Buku Tabungan Santri/Murid MDT Hidayatus Shibyan"
375,4748375,"1447-1448 H (2026-2027)","Buku Tabungan Santri/Murid MDT Hidayatus Shibyan"
376,4748376,"1447-1448 H (2026-2027)","Buku Tabungan Santri/Murid MDT Hidayatus Shibyan"
377,4748377,"1447-1448 H (2026-2027)","Buku Tabungan Santri/Murid MDT Hidayatus Shibyan"
378,4748378,"1447-1448 H (2026-2027)","Buku Tabungan Santri/Murid MDT Hidayatus Shibyan"
379,4748379,"1447-1448 H (2026-2027)","Buku Tabungan Santri/Murid MDT Hidayatus Shibyan"
380,4748380,"1447-1448 H (2026-2027)","Buku Tabungan Santri/Murid MDT Hidayatus Shibyan"
381,4748381,"1447-1448 H (2026-2027)","Buku Tabungan Santri/Murid MDT Hidayatus Shibyan"
382,4748382,"1447-1448 H (2026-2027)","Buku Tabungan Santri/Murid MDT Hidayatus Shibyan"
383,4748383,"1447-1448 H (2026-2027)","Buku Tabungan Santri/Murid MDT Hidayatus Shibyan"
384,4748384,"1447-1448 H (2026-2027)","Buku Tabungan Santri/Murid MDT Hidayatus Shibyan"
385,4748385,"1447-1448 H (2026-2027)","Buku Tabungan Santri/Murid MDT Hidayatus Shibyan"
386,4748386,"1447-1448 H (2026-2027)","Buku Tabungan Santri/Murid MDT Hidayatus Shibyan"
387,4748387,"1447-1448 H (2026-2027)","Buku Tabungan Santri/Murid MDT Hidayatus Shibyan"
388,4748388,"1447-1448 H (2026-2027)","Buku Tabungan Santri/Murid MDT Hidayatus Shibyan"
389,4748389,"1447-1448 H (2026-2027)","Buku Tabungan Santri/Murid MDT Hidayatus Shibyan"
390,4748390,"1447-1448 H (2026-2027)","Buku Tabungan Santri/Murid MDT Hidayatus Shibyan"
391,4748391,"1447-1448 H (2026-2027)","Buku Tabungan Santri/Murid MDT Hidayatus Shibyan"
392,4748392,"1447-1448 H (2026-2027)","Buku Tabungan Santri/Murid MDT Hidayatus Shibyan"
393,4748393,"1447-1448 H (2026-2027)","Buku Tabungan Santri/Murid MDT Hidayatus Shibyan"
394,4748394,"1447-1448 H (2026-2027)","Buku Tabungan Santri/Murid MDT Hidayatus Shibyan"
395,4748395,"1447-1448 H (2026-2027)","Buku Tabungan Santri/Murid MDT Hidayatus Shibyan"
396,4748396,"1447-1448 H (2026-2027)","Buku Tabungan Santri/Murid MDT Hidayatus Shibyan"
397,4748397,"1447-1448 H (2026-2027)","Buku Tabungan Santri/Murid MDT Hidayatus Shibyan"
398,4748398,"1447-1448 H (2026-2027)","Buku Tabungan Santri/Murid MDT Hidayatus Shibyan"
399,4748399,"1447-1448 H (2026-2027)","Buku Tabungan Santri/Murid MDT Hidayatus Shibyan"
400,4748400,"1447-1448 H (2026-2027)","Buku Tabungan Santri/Murid MDT Hidayatus Shibyan"
401,4748401,"1447-1448 H (2026-2027)","Buku Tabungan Santri/Murid MDT Hidayatus Shibyan"
402,4748402,"1447-1448 H (2026-2027)","Buku Tabungan Santri/Murid MDT Hidayatus Shibyan"
403,4748403,"1447-1448 H (2026-2027)","Buku Tabungan Santri/Murid MDT Hidayatus Shibyan"
404,4748404,"1447-1448 H (2026-2027)","Buku Tabungan Santri/Murid MDT Hidayatus Shibyan"
405,4748405,"1447-1448 H (2026-2027)","Buku Tabungan Santri/Murid MDT Hidayatus Shibyan"
406,4748406,"1447-1448 H (2026-2027)","Buku Tabungan Santri/Murid MDT Hidayatus Shibyan"
407,4748407,"1447-1448 H (2026-2027)","Buku Tabungan Santri/Murid MDT Hidayatus Shibyan"
408,4748408,"1447-1448 H (2026-2027)","Buku Tabungan Santri/Murid MDT Hidayatus Shibyan"
409,4748409,"1447-1448 H (2026-2027)","Buku Tabungan Santri/Murid MDT Hidayatus Shibyan"
410,4748410,"1447-1448 H (2026-2027)","Buku Tabungan Santri/Murid MDT Hidayatus Shibyan"
411,4748411,"1447-1448 H (2026-2027)","Buku Tabungan Santri/Murid MDT Hidayatus Shibyan"
412,4748412,"1447-1448 H (2026-2027)","Buku Tabungan Santri/Murid MDT Hidayatus Shibyan"
413,4748413,"1447-1448 H (2026-2027)","Buku Tabungan Santri/Murid MDT Hidayatus Shibyan"
414,4748414,"1447-1448 H (2026-2027)","Buku Tabungan Santri/Murid MDT Hidayatus Shibyan"
415,4748415,"1447-1448 H (2026-2027)","Buku Tabungan Santri/Murid MDT Hidayatus Shibyan"
416,4748416,"1447-1448 H (2026-2027)","Buku Tabungan Santri/Murid MDT Hidayatus Shibyan"
417,4748417,"1447-1448 H (2026-2027)","Buku Tabungan Santri/Murid MDT Hidayatus Shibyan"
418,4748418,"1447-1448 H (2026-2027)","Buku Tabungan Santri/Murid MDT Hidayatus Shibyan"
419,4748419,"1447-1448 H (2026-2027)","Buku Tabungan Santri/Murid MDT Hidayatus Shibyan"
420,4748420,"1447-1448 H (2026-2027)","Buku Tabungan Santri/Murid MDT Hidayatus Shibyan"
421,4748421,"1447-1448 H (2026-2027)","Buku Tabungan Santri/Murid MDT Hidayatus Shibyan"
422,4748422,"1447-1448 H (2026-2027)","Buku Tabungan Santri/Murid MDT Hidayatus Shibyan"
423,4748423,"1447-1448 H (2026-2027)","Buku Tabungan Santri/Murid MDT Hidayatus Shibyan"
424,4748424,"1447-1448 H (2026-2027)","Buku Tabungan Santri/Murid MDT Hidayatus Shibyan"
425,4748425,"1447-1448 H (2026-2027)","Buku Tabungan Santri/Murid MDT Hidayatus Shibyan"
426,4748426,"1447-1448 H (2026-2027)","Buku Tabungan Santri/Murid MDT Hidayatus Shibyan"
427,4748427,"1447-1448 H (2026-2027)","Buku Tabungan Santri/Murid MDT Hidayatus Shibyan"
428,4748428,"1447-1448 H (2026-2027)","Buku Tabungan Santri/Murid MDT Hidayatus Shibyan"
429,4748429,"1447-1448 H (2026-2027)","Buku Tabungan Santri/Murid MDT Hidayatus Shibyan"
430,4748430,"1447-1448 H (2026-2027)","Buku Tabungan Santri/Murid MDT Hidayatus Shibyan"
431,4748431,"1447-1448 H (2026-2027)","Buku Tabungan Santri/Murid MDT Hidayatus Shibyan"
432,4748432,"1447-1448 H (2026-2027)","Buku Tabungan Santri/Murid MDT Hidayatus Shibyan"
433,4748433,"1447-1448 H (2026-2027)","Buku Tabungan Santri/Murid MDT Hidayatus Shibyan"
434,4748434,"1447-1448 H (2026-2027)","Buku Tabungan Santri/Murid MDT Hidayatus Shibyan"
435,4748435,"1447-1448 H (2026-2027)","Buku Tabungan Santri/Murid MDT Hidayatus Shibyan"
436,4748436,"1447-1448 H (2026-2027)","Buku Tabungan Santri/Murid MDT Hidayatus Shibyan"
437,4748437,"1447-1448 H (2026-2027)","Buku Tabungan Santri/Murid MDT Hidayatus Shibyan"
438,4748438,"1447-1448 H (2026-2027)","Buku Tabungan Santri/Murid MDT Hidayatus Shibyan"
439,4748439,"1447-1448 H (2026-2027)","Buku Tabungan Santri/Murid MDT Hidayatus Shibyan"
440,4748440,"1447-1448 H (2026-2027)","Buku Tabungan Santri/Murid MDT Hidayatus Shibyan"
441,4748441,"1447-1448 H (2026-2027)","Buku Tabungan Santri/Murid MDT Hidayatus Shibyan"
442,4748442,"1447-1448 H (2026-2027)","Buku Tabungan Santri/Murid MDT Hidayatus Shibyan"
443,4748443,"1447-1448 H (2026-2027)","Buku Tabungan Santri/Murid MDT Hidayatus Shibyan"
444,4748444,"1447-1448 H (2026-2027)","Buku Tabungan Santri/Murid MDT Hidayatus Shibyan"
445,4748445,"1447-1448 H (2026-2027)","Buku Tabungan Santri/Murid MDT Hidayatus Shibyan"
446,4748446,"1447-1448 H (2026-2027)","Buku Tabungan Santri/Murid MDT Hidayatus Shibyan"
447,4748447,"1447-1448 H (2026-2027)","Buku Tabungan Santri/Murid MDT Hidayatus Shibyan"
448,4748448,"1447-1448 H (2026-2027)","Buku Tabungan Santri/Murid MDT Hidayatus Shibyan"
449,4748449,"1447-1448 H (2026-2027)","Buku Tabungan Santri/Murid MDT Hidayatus Shibyan"
450,4748450,"1447-1448 H (2026-2027)","Buku Tabungan Santri/Murid MDT Hidayatus Shibyan"
451,4748451,"1447-1448 H (2026-2027)","Buku Tabungan Santri/Murid MDT Hidayatus Shibyan"
452,4748452,"1447-1448 H (2026-2027)","Buku Tabungan Santri/Murid MDT Hidayatus Shibyan"
453,4748453,"1447-1448 H (2026-2027)","Buku Tabungan Santri/Murid MDT Hidayatus Shibyan"
454,4748454,"1447-1448 H (2026-2027)","Buku Tabungan Santri/Murid MDT Hidayatus Shibyan"
455,4748455,"1447-1448 H (2026-2027)","Buku Tabungan Santri/Murid MDT Hidayatus Shibyan"
456,4748456,"1447-1448 H (2026-2027)","Buku Tabungan Santri/Murid MDT Hidayatus Shibyan"
457,4748457,"1447-1448 H (2026-2027)","Buku Tabungan Santri/Murid MDT Hidayatus Shibyan"
458,4748458,"1447-1448 H (2026-2027)","Buku Tabungan Santri/Murid MDT Hidayatus Shibyan"
459,4748459,"1447-1448 H (2026-2027)","Buku Tabungan Santri/Murid MDT Hidayatus Shibyan"
460,4748460,"1447-1448 H (2026-2027)","Buku Tabungan Santri/Murid MDT Hidayatus Shibyan"
461,4748461,"1447-1448 H (2026-2027)","Buku Tabungan Santri/Murid MDT Hidayatus Shibyan"
462,4748462,"1447-1448 H (2026-2027)","Buku Tabungan Santri/Murid MDT Hidayatus Shibyan"
463,4748463,"1447-1448 H (2026-2027)","Buku Tabungan Santri/Murid MDT Hidayatus Shibyan"
464,4748464,"1447-1448 H (2026-2027)","Buku Tabungan Santri/Murid MDT Hidayatus Shibyan"
465,4748465,"1447-1448 H (2026-2027)","Buku Tabungan Santri/Murid MDT Hidayatus Shibyan"
466,4748466,"1447-1448 H (2026-2027)","Buku Tabungan Santri/Murid MDT Hidayatus Shibyan"
467,4748467,"1447-1448 H (2026-2027)","Buku Tabungan Santri/Murid MDT Hidayatus Shibyan"
468,4748468,"1447-1448 H (2026-2027)","Buku Tabungan Santri/Murid MDT Hidayatus Shibyan"
469,4748469,"1447-1448 H (2026-2027)","Buku Tabungan Santri/Murid MDT Hidayatus Shibyan"
470,4748470,"1447-1448 H (2026-2027)","Buku Tabungan Santri/Murid MDT Hidayatus Shibyan"
471,4748471,"1447-1448 H (2026-2027)","Buku Tabungan Santri/Murid MDT Hidayatus Shibyan"
472,4748472,"1447-1448 H (2026-2027)","Buku Tabungan Santri/Murid MDT Hidayatus Shibyan"
473,4748473,"1447-1448 H (2026-2027)","Buku Tabungan Santri/Murid MDT Hidayatus Shibyan"
474,4748474,"1447-1448 H (2026-2027)","Buku Tabungan Santri/Murid MDT Hidayatus Shibyan"
475,4748475,"1447-1448 H (2026-2027)","Buku Tabungan Santri/Murid MDT Hidayatus Shibyan"
476,4748476,"1447-1448 H (2026-2027)","Buku Tabungan Santri/Murid MDT Hidayatus Shibyan"
477,4748477,"1447-1448 H (2026-2027)","Buku Tabungan Santri/Murid MDT Hidayatus Shibyan"
478,4748478,"1447-1448 H (2026-2027)","Buku Tabungan Santri/Murid MDT Hidayatus Shibyan"
479,4748479,"1447-1448 H (2026-2027)","Buku Tabungan Santri/Murid MDT Hidayatus Shibyan"
480,4748480,"1447-1448 H (2026-2027)","Buku Tabungan Santri/Murid MDT Hidayatus Shibyan"
481,4748481,"1447-1448 H (2026-2027)","Buku Tabungan Santri/Murid MDT Hidayatus Shibyan"
482,4748482,"1447-1448 H (2026-2027)","Buku Tabungan Santri/Murid MDT Hidayatus Shibyan"
483,4748483,"1447-1448 H (2026-2027)","Buku Tabungan Santri/Murid MDT Hidayatus Shibyan"
484,4748484,"1447-1448 H (2026-2027)","Buku Tabungan Santri/Murid MDT Hidayatus Shibyan"
485,4748485,"1447-1448 H (2026-2027)","Buku Tabungan Santri/Murid MDT Hidayatus Shibyan"
486,4748486,"1447-1448 H (2026-2027)","Buku Tabungan Santri/Murid MDT Hidayatus Shibyan"
487,4748487,"1447-1448 H (2026-2027)","Buku Tabungan Santri/Murid MDT Hidayatus Shibyan"
488,4748488,"1447-1448 H (2026-2027)","Buku Tabungan Santri/Murid MDT Hidayatus Shibyan"
489,4748489,"1447-1448 H (2026-2027)","Buku Tabungan Santri/Murid MDT Hidayatus Shibyan"
490,4748490,"1447-1448 H (2026-2027)","Buku Tabungan Santri/Murid MDT Hidayatus Shibyan"
491,4748491,"1447-1448 H (2026-2027)","Buku Tabungan Santri/Murid MDT Hidayatus Shibyan"
492,4748492,"1447-1448 H (2026-2027)","Buku Tabungan Santri/Murid MDT Hidayatus Shibyan"
493,4748493,"1447-1448 H (2026-2027)","Buku Tabungan Santri/Murid MDT Hidayatus Shibyan"
494,4748494,"1447-1448 H (2026-2027)","Buku Tabungan Santri/Murid MDT Hidayatus Shibyan"
495,4748495,"1447-1448 H (2026-2027)","Buku Tabungan Santri/Murid MDT Hidayatus Shibyan"
496,4748496,"1447-1448 H (2026-2027)","Buku Tabungan Santri/Murid MDT Hidayatus Shibyan"
497,4748497,"1447-1448 H (2026-2027)","Buku Tabungan Santri/Murid MDT Hidayatus Shibyan"
498,4748498,"1447-1448 H (2026-2027)","Buku Tabungan Santri/Murid MDT Hidayatus Shibyan"
499,4748499,"1447-1448 H (2026-2027)","Buku Tabungan Santri/Murid MDT Hidayatus Shibyan"
500,4748500,"1447-1448 H (2026-2027)","Buku Tabungan Santri/Murid MDT Hidayatus Shibyan"
